-- ============================================
-- СОЗДАНИЕ ТАБЛИЦ
-- ============================================

-- 1. НАПРАВЛЕНИЯ ПОДГОТОВКИ (STUDY_PROGRAMS)
CREATE TABLE study_programs (
    id INTEGER PRIMARY KEY AUTOINCREMENT,
    code VARCHAR(20) NOT NULL UNIQUE,
    name VARCHAR(200) NOT NULL,
    level VARCHAR(50) NOT NULL,
    start_year INTEGER NOT NULL,
    created_at DATETIME DEFAULT CURRENT_TIMESTAMP
);

-- 2. ГРУППЫ СТУДЕНТОВ (STUDENT_GROUPS)
CREATE TABLE student_groups (
    id INTEGER PRIMARY KEY AUTOINCREMENT,
    program_id INTEGER NOT NULL REFERENCES study_programs(id),
    group_code VARCHAR(10) NOT NULL UNIQUE,
    curator VARCHAR(100),
    created_at DATE DEFAULT CURRENT_DATE
);

-- 3. СТУДЕНТЫ (STUDENTS)
CREATE TABLE students (
    id INTEGER PRIMARY KEY AUTOINCREMENT,
    student_code VARCHAR(50) UNIQUE,
    last_name VARCHAR(100) NOT NULL,
    first_name VARCHAR(100) NOT NULL,
    patronymic VARCHAR(100),
    birth_date DATE NOT NULL,
    gender CHAR(1) NOT NULL CHECK (gender IN ('M', 'F')),
    enrollment_year INTEGER NOT NULL CHECK (enrollment_year >= 2000),
    current_group_id INTEGER REFERENCES student_groups(id),
    status VARCHAR(20) DEFAULT 'ACTIVE' CHECK (status IN ('ACTIVE', 'GRADUATED', 'EXPIRED')),
    created_at DATETIME DEFAULT CURRENT_TIMESTAMP
);

-- 4. ДИСЦИПЛИНЫ (SUBJECTS)
CREATE TABLE subjects (
    id INTEGER PRIMARY KEY AUTOINCREMENT,
    code VARCHAR(20) NOT NULL UNIQUE,
    name VARCHAR(200) NOT NULL,
    credits INTEGER DEFAULT 3
);

-- 5. ЭКЗАМЕНЫ (EXAMS)
CREATE TABLE exams (
    id INTEGER PRIMARY KEY AUTOINCREMENT,
    subject_id INTEGER NOT NULL REFERENCES subjects(id),
    group_id INTEGER NOT NULL REFERENCES student_groups(id),
    teacher_name VARCHAR(100),
    exam_date DATE NOT NULL,
    academic_year VARCHAR(9) NOT NULL,
    semester INTEGER NOT NULL CHECK (semester IN (1, 2)),
    created_at DATETIME DEFAULT CURRENT_TIMESTAMP
);

-- 6. РЕЗУЛЬТАТЫ ЭКЗАМЕНОВ (EXAM_RESULTS)
CREATE TABLE exam_results (
    id INTEGER PRIMARY KEY AUTOINCREMENT,
    exam_id INTEGER NOT NULL REFERENCES exams(id),
    student_id INTEGER NOT NULL REFERENCES students(id),
    grade INTEGER NOT NULL CHECK (grade BETWEEN 2 AND 5),
    passed_at DATE DEFAULT CURRENT_DATE,
    created_at DATETIME DEFAULT CURRENT_TIMESTAMP
);

-- 7. ЗАЧЁТЫ (TESTS)
CREATE TABLE tests (
    id INTEGER PRIMARY KEY AUTOINCREMENT,
    student_id INTEGER NOT NULL REFERENCES students(id),
    subject_id INTEGER NOT NULL REFERENCES subjects(id),
    academic_year VARCHAR(9) NOT NULL,
    semester INTEGER NOT NULL CHECK (semester IN (1, 2)),
    is_passed BOOLEAN DEFAULT FALSE,
    passed_at DATE,
    created_at DATETIME DEFAULT CURRENT_TIMESTAMP
);

-- 8. ИСТОРИЯ ГРУПП (GROUP_HISTORY)
CREATE TABLE group_history (
    id INTEGER PRIMARY KEY AUTOINCREMENT,
    student_id INTEGER NOT NULL REFERENCES students(id),
    group_id INTEGER NOT NULL REFERENCES student_groups(id),
    academic_year VARCHAR(9) NOT NULL,
    semester INTEGER NOT NULL CHECK (semester IN (1, 2)),
    course INTEGER NOT NULL CHECK (course BETWEEN 1 AND 6),
    created_at DATETIME DEFAULT CURRENT_TIMESTAMP
);

-- ============================================
-- ИНДЕКСЫ
-- ============================================

CREATE INDEX idx_students_name ON students(last_name, first_name);
CREATE INDEX idx_students_code ON students(student_code);
CREATE INDEX idx_group_history_student ON group_history(student_id);
CREATE INDEX idx_group_history_group ON group_history(group_id);
CREATE INDEX idx_exam_results_student ON exam_results(student_id);
CREATE INDEX idx_exam_results_grade ON exam_results(grade);
CREATE INDEX idx_tests_student ON tests(student_id);
CREATE INDEX idx_exams_group ON exams(group_id);
CREATE INDEX idx_exams_subject ON exams(subject_id);


CREATE UNIQUE INDEX uniq_group_history_student_semester
ON group_history(student_id, academic_year, semester);

CREATE UNIQUE INDEX uniq_exam_results_exam_student
ON exam_results(exam_id, student_id);

CREATE UNIQUE INDEX uniq_exams_group_subject
ON exams(subject_id, group_id, academic_year, semester);

-- ============================================
-- ВСТАВКА ТЕСТОВЫХ ДАННЫХ
-- ============================================

-- 1. НАПРАВЛЕНИЯ ПОДГОТОВКИ
INSERT INTO study_programs (code, name, level, start_year) VALUES
('02.03.01', 'Фундаментальная информатика и информационные технологии', 'Бакалавриат', 2020),
('02.03.02', 'Фундаментальная информатика и ИТ (англ. язык)', 'Бакалавриат', 2020),
('01.03.02', 'Прикладная математика и информатика', 'Бакалавриат', 2020),
('09.03.04', 'Программная инженерия', 'Бакалавриат', 2020),
('09.03.05', 'Программная инженерия (бизнес-информатика)', 'Бакалавриат', 2020),
('02.04.01', 'Фундаментальная информатика и информационные технологии', 'Магистратура', 2022),
('01.04.02', 'Прикладная математика и информатика', 'Магистратура', 2022),
('09.04.04', 'Программная инженерия', 'Магистратура', 2022);

-- 2. ГРУППЫ (только 2 группы с полными данными)
INSERT INTO student_groups (program_id, group_code, curator, created_at) VALUES
-- 1 курс бакалавриат (2023/2024)
(1, '101', 'Иванов Иван Иванович', '2023-09-01'),
-- 2 курс бакалавриат (2022/2023)
(3, '203', 'Федорова Екатерина Игоревна', '2022-09-01');

-- 3. СТУДЕНТЫ (только 2 группы с полными данными)
INSERT INTO students (student_code, last_name, first_name, patronymic, birth_date, gender, enrollment_year, status) VALUES
-- Группа 101 (1 курс, направление 1) - 10 студентов
('23101-001', 'Иванов', 'Александр', 'Сергеевич', '2004-05-15', 'M', 2023, 'ACTIVE'),
('23101-002', 'Петрова', 'Мария', 'Андреевна', '2004-08-22', 'F', 2023, 'ACTIVE'),
('23101-003', 'Сидоров', 'Максим', 'Дмитриевич', '2004-03-10', 'M', 2023, 'ACTIVE'),
('23101-004', 'Козлова', 'Анна', 'Викторовна', '2004-11-30', 'F', 2023, 'ACTIVE'),
('23101-005', 'Морозов', 'Артем', 'Игоревич', '2004-01-25', 'M', 2023, 'ACTIVE'),
('23101-006', 'Волков', 'Дмитрий', 'Александрович', '2004-06-18', 'M', 2023, 'ACTIVE'),
('23101-007', 'Новикова', 'Елена', 'Сергеевна', '2004-09-12', 'F', 2023, 'ACTIVE'),
('23101-008', 'Соколов', 'Иван', 'Петрович', '2004-02-28', 'M', 2023, 'ACTIVE'),
('23101-009', 'Лебедева', 'Ольга', 'Владимировна', '2004-12-05', 'F', 2023, 'ACTIVE'),
('23101-010', 'Кузнецов', 'Сергей', 'Николаевич', '2004-07-20', 'M', 2023, 'ACTIVE'),

-- Группа 203 (2 курс, направление 3) - 10 студентов
('22203-001', 'Борисов', 'Андрей', 'Михайлович', '2003-05-12', 'M', 2022, 'ACTIVE'),
('22203-002', 'Киселева', 'Елена', 'Анатольевна', '2003-08-19', 'F', 2022, 'ACTIVE'),
('22203-003', 'Григорьев', 'Павел', 'Олегович', '2003-03-25', 'M', 2022, 'ACTIVE'),
('22203-004', 'Титова', 'Виктория', 'Игоревна', '2003-11-08', 'F', 2022, 'ACTIVE'),
('22203-005', 'Макаров', 'Дмитрий', 'Викторович', '2003-01-30', 'M', 2022, 'ACTIVE'),
('22203-006', 'Орлова', 'Наталья', 'Борисовна', '2003-04-15', 'F', 2022, 'ACTIVE'),
('22203-007', 'Романов', 'Алексей', 'Сергеевич', '2003-09-22', 'M', 2022, 'ACTIVE'),
('22203-008', 'Смирнова', 'Татьяна', 'Дмитриевна', '2003-12-10', 'F', 2022, 'ACTIVE'),
('22203-009', 'Федоров', 'Михаил', 'Андреевич', '2003-06-28', 'M', 2022, 'ACTIVE'),
('22203-010', 'Яковлева', 'Анна', 'Ивановна', '2003-10-14', 'F', 2022, 'ACTIVE');

-- Обновляем current_group_id для студентов на основе их кода группы
UPDATE students SET current_group_id = (SELECT id FROM student_groups WHERE group_code = '101') WHERE student_code LIKE '23101-%';
UPDATE students SET current_group_id = (SELECT id FROM student_groups WHERE group_code = '203') WHERE student_code LIKE '22203-%';

-- 4. ДИСЦИПЛИНЫ
INSERT INTO subjects (code, name, credits) VALUES
('МАТ-101', 'Математический анализ', 6),
('МАТ-102', 'Алгебра и геометрия', 5),
('МАТ-103', 'Дискретная математика', 4),
('ФИЗ-101', 'Физика', 4),
('ИНФ-101', 'Основы программирования', 6),
('ИНФ-102', 'Объектно-ориентированное программирование', 5),
('ИНФ-201', 'Структуры данных и алгоритмы', 5),
('ИНФ-202', 'Базы данных', 4),
('ИНФ-203', 'Операционные системы', 4),
('ИНФ-204', 'Компьютерные сети', 4),
('ИНФ-205', 'Теория вероятностей и математическая статистика', 4),
('ИНФ-206', 'Функциональное программирование', 3),
('ПМИ-301', 'Численные методы', 4),
('ПМИ-302', 'Математическое моделирование', 4),
('ПМИ-303', 'Методы оптимизации', 4),
('ПМИ-304', 'Искусственный интеллект', 5),
('ПМИ-305', 'Машинное обучение', 5),
('ГУМ-101', 'История', 2),
('ГУМ-102', 'Философия', 2),
('ГУМ-103', 'Иностранный язык', 3),
('ФИЗ-КУ', 'Физическая культура', 2);

-- 5. ИСТОРИЯ ГРУПП (только для групп 101 и 203)
-- Группа 101 - все студенты на 1 курсе
INSERT INTO group_history (student_id, group_id, academic_year, semester, course) VALUES
(1, 1, '2023/2024', 1, 1),
(1, 1, '2023/2024', 2, 1),
(2, 1, '2023/2024', 1, 1),
(2, 1, '2023/2024', 2, 1),
(3, 1, '2023/2024', 1, 1),
(3, 1, '2023/2024', 2, 1),
(4, 1, '2023/2024', 1, 1),
(4, 1, '2023/2024', 2, 1),
(5, 1, '2023/2024', 1, 1),
(5, 1, '2023/2024', 2, 1),
(6, 1, '2023/2024', 1, 1),
(6, 1, '2023/2024', 2, 1),
(7, 1, '2023/2024', 1, 1),
(7, 1, '2023/2024', 2, 1),
(8, 1, '2023/2024', 1, 1),
(8, 1, '2023/2024', 2, 1),
(9, 1, '2023/2024', 1, 1),
(9, 1, '2023/2024', 2, 1),
(10, 1, '2023/2024', 1, 1),
(10, 1, '2023/2024', 2, 1),

-- Группа 203 - все студенты на 2 курсе (были на 1 курсе в прошлом году)
(11, 2, '2022/2023', 1, 1),
(11, 2, '2022/2023', 2, 1),
(11, 2, '2023/2024', 1, 2),
(11, 2, '2023/2024', 2, 2),
(12, 2, '2022/2023', 1, 1),
(12, 2, '2022/2023', 2, 1),
(12, 2, '2023/2024', 1, 2),
(12, 2, '2023/2024', 2, 2),
(13, 2, '2022/2023', 1, 1),
(13, 2, '2022/2023', 2, 1),
(13, 2, '2023/2024', 1, 2),
(13, 2, '2023/2024', 2, 2),
(14, 2, '2022/2023', 1, 1),
(14, 2, '2022/2023', 2, 1),
(14, 2, '2023/2024', 1, 2),
(14, 2, '2023/2024', 2, 2),
(15, 2, '2022/2023', 1, 1),
(15, 2, '2022/2023', 2, 1),
(15, 2, '2023/2024', 1, 2),
(15, 2, '2023/2024', 2, 2),
(16, 2, '2022/2023', 1, 1),
(16, 2, '2022/2023', 2, 1),
(16, 2, '2023/2024', 1, 2),
(16, 2, '2023/2024', 2, 2),
(17, 2, '2022/2023', 1, 1),
(17, 2, '2022/2023', 2, 1),
(17, 2, '2023/2024', 1, 2),
(17, 2, '2023/2024', 2, 2),
(18, 2, '2022/2023', 1, 1),
(18, 2, '2022/2023', 2, 1),
(18, 2, '2023/2024', 1, 2),
(18, 2, '2023/2024', 2, 2),
(19, 2, '2022/2023', 1, 1),
(19, 2, '2022/2023', 2, 1),
(19, 2, '2023/2024', 1, 2),
(19, 2, '2023/2024', 2, 2),
(20, 2, '2022/2023', 1, 1),
(20, 2, '2022/2023', 2, 1),
(20, 2, '2023/2024', 1, 2),
(20, 2, '2023/2024', 2, 2);

-- 6. ЭКЗАМЕНЫ (только для групп 101 и 203)
INSERT INTO exams (subject_id, group_id, teacher_name, exam_date, academic_year, semester) VALUES
-- Группа 101 (1 курс), 1 семестр 2023/2024
(1, 1, 'Профессор Соколов В.Г.', '2024-01-10', '2023/2024', 1),
(2, 1, 'Доцент Орлова Н.М.', '2024-01-15', '2023/2024', 1),
(5, 1, 'Доцент Жуков А.С.', '2024-01-20', '2023/2024', 1),
(3, 1, 'Профессор Волков П.И.', '2024-01-25', '2023/2024', 1),
(4, 1, 'Доцент Новикова Е.В.', '2024-01-30', '2023/2024', 1),

-- Группа 101 (1 курс), 2 семестр 2023/2024
(1, 1, 'Профессор Соколов В.Г.', '2024-06-10', '2023/2024', 2),
(2, 1, 'Доцент Орлова Н.М.', '2024-06-15', '2023/2024', 2),
(6, 1, 'Профессор Лебедев А.Н.', '2024-06-20', '2023/2024', 2),
(3, 1, 'Профессор Волков П.И.', '2024-06-25', '2023/2024', 2),

-- Группа 203 (2 курс), 1 семестр 2023/2024
(7, 2, 'Доцент Федоров И.К.', '2024-01-12', '2023/2024', 1),
(8, 2, 'Профессор Михайлов А.Б.', '2024-01-18', '2023/2024', 1),
(9, 2, 'Доцент Егорова Т.В.', '2024-01-22', '2023/2024', 1),
(10, 2, 'Профессор Семенов Д.Л.', '2024-01-28', '2023/2024', 1),
(11, 2, 'Доцент Кузнецова О.И.', '2024-02-02', '2023/2024', 1),

-- Группа 203 (2 курс), 2 семестр 2023/2024
(7, 2, 'Доцент Федоров И.К.', '2024-06-12', '2023/2024', 2),
(8, 2, 'Профессор Михайлов А.Б.', '2024-06-18', '2023/2024', 2),
(12, 2, 'Профессор Васильев П.М.', '2024-06-22', '2023/2024', 2),
(13, 2, 'Доцент Николаева Е.С.', '2024-06-28', '2023/2024', 2),

-- Группа 203 (2 курс), 1 семестр 2022/2023 (прошлый год)
(7, 2, 'Доцент Федоров И.К.', '2023-01-12', '2022/2023', 1),
(8, 2, 'Профессор Михайлов А.Б.', '2023-01-18', '2022/2023', 1),
(9, 2, 'Доцент Егорова Т.В.', '2023-01-22', '2022/2023', 1),
(1, 2, 'Профессор Соколов В.Г.', '2023-01-10', '2022/2023', 1),
(2, 2, 'Доцент Орлова Н.М.', '2023-01-15', '2022/2023', 1),
(5, 2, 'Доцент Жуков А.С.', '2023-01-20', '2022/2023', 1);

-- 7. РЕЗУЛЬТАТЫ ЭКЗАМЕНОВ (только для групп 101 и 203)
-- Группа 101 - результаты экзаменов за 1 семестр 2023/2024
INSERT INTO exam_results (exam_id, student_id, grade, passed_at) VALUES
-- Студент 1 (Иванов)
(1, 1, 5, '2024-01-10'),
(2, 1, 5, '2024-01-15'),
(3, 1, 4, '2024-01-20'),
(4, 1, 5, '2024-01-25'),
(5, 1, 4, '2024-01-30'),

-- Студент 2 (Петрова)
(1, 2, 5, '2024-01-10'),
(2, 2, 4, '2024-01-15'),
(3, 2, 5, '2024-01-20'),
(4, 2, 4, '2024-01-25'),
(5, 2, 5, '2024-01-30'),

-- Студент 3 (Сидоров)
(1, 3, 4, '2024-01-10'),
(2, 3, 4, '2024-01-15'),
(3, 3, 3, '2024-01-20'),
(4, 3, 4, '2024-01-25'),
(5, 3, 4, '2024-01-30'),

-- Студент 4 (Козлова)
(1, 4, 5, '2024-01-10'),
(2, 4, 5, '2024-01-15'),
(3, 4, 5, '2024-01-20'),
(4, 4, 5, '2024-01-25'),
(5, 4, 5, '2024-01-30'),

-- Студент 5 (Морозов)
(1, 5, 4, '2024-01-10'),
(2, 5, 3, '2024-01-15'),
(3, 5, 4, '2024-01-20'),
(4, 5, 4, '2024-01-25'),
(5, 5, 3, '2024-01-30'),

-- Студент 6 (Волков)
(1, 6, 5, '2024-01-10'),
(2, 6, 4, '2024-01-15'),
(3, 6, 5, '2024-01-20'),
(4, 6, 4, '2024-01-25'),
(5, 6, 4, '2024-01-30'),

-- Студент 7 (Новикова)
(1, 7, 4, '2024-01-10'),
(2, 7, 5, '2024-01-15'),
(3, 7, 4, '2024-01-20'),
(4, 7, 5, '2024-01-25'),
(5, 7, 4, '2024-01-30'),

-- Студент 8 (Соколов)
(1, 8, 3, '2024-01-10'),
(2, 8, 4, '2024-01-15'),
(3, 8, 4, '2024-01-20'),
(4, 8, 3, '2024-01-25'),
(5, 8, 4, '2024-01-30'),

-- Студент 9 (Лебедева)
(1, 9, 5, '2024-01-10'),
(2, 9, 5, '2024-01-15'),
(3, 9, 5, '2024-01-20'),
(4, 9, 5, '2024-01-25'),
(5, 9, 5, '2024-01-30'),

-- Студент 10 (Кузнецов)
(1, 10, 4, '2024-01-10'),
(2, 10, 4, '2024-01-15'),
(3, 10, 5, '2024-01-20'),
(4, 10, 4, '2024-01-25'),
(5, 10, 4, '2024-01-30'),

-- Группа 203 - результаты экзаменов за 1 семестр 2023/2024
-- Студент 11 (Борисов)
(6, 11, 5, '2024-01-12'),
(7, 11, 5, '2024-01-18'),
(8, 11, 4, '2024-01-22'),
(9, 11, 5, '2024-01-28'),
(10, 11, 5, '2024-02-02'),

-- Студент 12 (Киселева)
(6, 12, 5, '2024-01-12'),
(7, 12, 4, '2024-01-18'),
(8, 12, 5, '2024-01-22'),
(9, 12, 4, '2024-01-28'),
(10, 12, 5, '2024-02-02'),

-- Студент 13 (Григорьев)
(6, 13, 4, '2024-01-12'),
(7, 13, 4, '2024-01-18'),
(8, 13, 3, '2024-01-22'),
(9, 13, 4, '2024-01-28'),
(10, 13, 4, '2024-02-02'),

-- Студент 14 (Титова)
(6, 14, 5, '2024-01-12'),
(7, 14, 5, '2024-01-18'),
(8, 14, 5, '2024-01-22'),
(9, 14, 5, '2024-01-28'),
(10, 14, 5, '2024-02-02'),

-- Студент 15 (Макаров)
(6, 15, 3, '2024-01-12'),
(7, 15, 4, '2024-01-18'),
(8, 15, 4, '2024-01-22'),
(9, 15, 3, '2024-01-28'),
(10, 15, 4, '2024-02-02'),

-- Студент 16 (Орлова)
(6, 16, 4, '2024-01-12'),
(7, 16, 5, '2024-01-18'),
(8, 16, 4, '2024-01-22'),
(9, 16, 5, '2024-01-28'),
(10, 16, 4, '2024-02-02'),

-- Студент 17 (Романов)
(6, 17, 5, '2024-01-12'),
(7, 17, 4, '2024-01-18'),
(8, 17, 5, '2024-01-22'),
(9, 17, 4, '2024-01-28'),
(10, 17, 5, '2024-02-02'),

-- Студент 18 (Смирнова)
(6, 18, 4, '2024-01-12'),
(7, 18, 4, '2024-01-18'),
(8, 18, 4, '2024-01-22'),
(9, 18, 4, '2024-01-28'),
(10, 18, 4, '2024-02-02'),

-- Студент 19 (Федоров)
(6, 19, 5, '2024-01-12'),
(7, 19, 5, '2024-01-18'),
(8, 19, 5, '2024-01-22'),
(9, 19, 5, '2024-01-28'),
(10, 19, 5, '2024-02-02'),

-- Студент 20 (Яковлева)
(6, 20, 4, '2024-01-12'),
(7, 20, 4, '2024-01-18'),
(8, 20, 5, '2024-01-22'),
(9, 20, 4, '2024-01-28'),
(10, 20, 4, '2024-02-02'),

-- Группа 203 - результаты экзаменов за прошлый год (2022/2023, 1 семестр)
(11, 11, 4, '2023-01-12'),
(12, 11, 5, '2023-01-18'),
(13, 11, 4, '2023-01-22'),
(14, 11, 5, '2023-01-10'),
(15, 11, 4, '2023-01-15'),
(16, 11, 5, '2023-01-20'),

(11, 12, 5, '2023-01-12'),
(12, 12, 4, '2023-01-18'),
(13, 12, 5, '2023-01-22'),
(14, 12, 5, '2023-01-10'),
(15, 12, 5, '2023-01-15'),
(16, 12, 4, '2023-01-20'),

(11, 13, 3, '2023-01-12'),
(12, 13, 4, '2023-01-18'),
(13, 13, 4, '2023-01-22'),
(14, 13, 4, '2023-01-10'),
(15, 13, 3, '2023-01-15'),
(16, 13, 4, '2023-01-20'),

(11, 14, 5, '2023-01-12'),
(12, 14, 5, '2023-01-18'),
(13, 14, 5, '2023-01-22'),
(14, 14, 5, '2023-01-10'),
(15, 14, 5, '2023-01-15'),
(16, 14, 5, '2023-01-20'),

(11, 15, 4, '2023-01-12'),
(12, 15, 3, '2023-01-18'),
(13, 15, 4, '2023-01-22'),
(14, 15, 4, '2023-01-10'),
(15, 15, 4, '2023-01-15'),
(16, 15, 3, '2023-01-20');

-- 8. ЗАЧЁТЫ (только для групп 101 и 203)
-- Группа 101 - зачеты за 1 семестр 2023/2024
INSERT INTO tests (student_id, subject_id, academic_year, semester, is_passed, passed_at) VALUES
(1, 20, '2023/2024', 1, 1, '2023-12-15'),
(2, 20, '2023/2024', 1, 1, '2023-12-15'),
(3, 20, '2023/2024', 1, 1, '2023-12-16'),
(4, 20, '2023/2024', 1, 1, '2023-12-15'),
(5, 20, '2023/2024', 1, 1, '2023-12-17'),
(6, 20, '2023/2024', 1, 1, '2023-12-15'),
(7, 20, '2023/2024', 1, 1, '2023-12-16'),
(8, 20, '2023/2024', 1, 1, '2023-12-18'),
(9, 20, '2023/2024', 1, 1, '2023-12-15'),
(10, 20, '2023/2024', 1, 1, '2023-12-16'),

-- Группа 203 - зачеты за 1 семестр 2023/2024
(11, 20, '2023/2024', 1, 1, '2023-12-20'),
(12, 20, '2023/2024', 1, 1, '2023-12-20'),
(13, 20, '2023/2024', 1, 1, '2023-12-21'),
(14, 20, '2023/2024', 1, 1, '2023-12-20'),
(15, 20, '2023/2024', 1, 1, '2023-12-22'),
(16, 20, '2023/2024', 1, 1, '2023-12-20'),
(17, 20, '2023/2024', 1, 1, '2023-12-21'),
(18, 20, '2023/2024', 1, 1, '2023-12-23'),
(19, 20, '2023/2024', 1, 1, '2023-12-20'),
(20, 20, '2023/2024', 1, 1, '2023-12-21');
